,lon,lat,z,heading,score
0,12.5258989,41.9458655,50.0,222.54918802950738,0.0
1,12.5258989,41.9458655,50.0,42.54918802950738,0.0
2,12.5259057,41.9459641,50.0,0.8802512817129013,0.0
3,12.5259057,41.9459641,50.0,180.8802512817129,0.0
4,12.5273639,41.9387581,50.0,219.97937120470556,0.0
5,12.5273639,41.9387581,50.0,39.97937120470556,0.0
6,12.529453,41.9392801,50.0,55.754310362821,0.0
7,12.529453,41.9392801,50.0,235.754310362821,0.0
8,12.5181892,41.9428516,50.0,39.898486590329014,0.0
9,12.5181892,41.9428516,50.0,219.89848659032901,0.0
10,12.5230386,41.9426866,50.0,40.475440561956134,0.0
11,12.5230386,41.9426866,50.0,220.47544056195613,0.0
12,12.5229445,41.942745,50.0,40.46900372689083,0.0
13,12.5229445,41.942745,50.0,220.46900372689083,0.0
14,12.5231891,41.9429418,50.0,220.5786731549042,0.0
15,12.5231891,41.9429418,50.0,40.57867315490421,0.0
16,12.5167497,41.9423662,50.0,308.68755993948287,0.0
17,12.5167497,41.9423662,50.0,128.68755993948287,0.0
18,12.5166637,41.9425115,50.0,127.56637214533987,0.0
19,12.5166637,41.9425115,50.0,307.56637214533987,0.0
20,12.517569,41.9431581,50.0,308.73387372807656,0.0
21,12.517569,41.9431581,50.0,128.73387372807656,0.0
22,12.5234748,41.9433489,50.0,130.26945218111342,0.0
23,12.5234748,41.9433489,50.0,310.2694521811134,0.0
24,12.5248053,41.9432884,50.0,219.72190734999282,0.0
25,12.5248053,41.9432884,50.0,39.72190734999282,0.0
26,12.5253233,41.9429665,50.0,220.5350012847693,0.0
27,12.5253233,41.9429665,50.0,40.535001284769294,0.0
28,12.5254949,41.9423282,50.0,130.35402701036583,0.0
29,12.5254949,41.9423282,50.0,310.3540270103658,0.0
30,12.5254117,41.9429117,50.0,220.5350012847693,0.0
31,12.5254117,41.9429117,50.0,40.535001284769294,0.0
32,12.5250723,41.9431224,50.0,220.5350012847693,0.0
33,12.5250723,41.9431224,50.0,40.535001284769294,0.0
34,12.5246248,41.943401,50.0,219.72190734999282,0.0
35,12.5246248,41.943401,50.0,39.72190734999282,0.0
36,12.5236331,41.9434868,50.0,130.26945218111342,0.0
37,12.5236331,41.9434868,50.0,310.2694521811134,0.0
38,12.5239303,41.9437655,50.0,130.25941131952152,0.0
39,12.5239303,41.9437655,50.0,310.2594113195215,0.0
40,12.5193429,41.9436302,50.0,39.35885339514704,0.0
41,12.5193429,41.9436302,50.0,219.35885339514704,0.0
42,12.5191981,41.9437198,50.0,159.56410718442226,0.0
43,12.5191981,41.9437198,50.0,339.56410718442226,0.0
44,12.5278252,41.9442913,50.0,45.83966614653366,0.0
45,12.5278252,41.9442913,50.0,225.83966614653366,0.0
46,12.5286414,41.9436647,50.0,125.09928185514715,0.0
47,12.5286414,41.9436647,50.0,305.0992818551472,0.0
48,12.5285224,41.943684,50.0,107.58727325144196,0.0
49,12.5285224,41.943684,50.0,287.58727325144196,0.0
50,12.5284577,41.9438149,50.0,46.708619650422406,0.0
51,12.5284577,41.9438149,50.0,226.7086196504224,0.0
52,12.5283841,41.9438711,50.0,314.73833692572447,0.0
53,12.5283841,41.9438711,50.0,134.73833692572447,0.0
54,12.5287415,41.943886,50.0,250.22195317178722,0.0
55,12.5287415,41.943886,50.0,70.22195317178722,0.0
56,12.5284689,41.94398,50.0,225.4121857353972,0.0
57,12.5284689,41.94398,50.0,45.4121857353972,0.0
58,12.5289243,41.9441885,50.0,353.44685504719155,0.0
59,12.5289243,41.9441885,50.0,173.44685504719155,0.0
60,12.5290378,41.9447385,50.0,274.2134829977376,0.0
61,12.5290378,41.9447385,50.0,94.21348299773757,0.0
62,12.5290972,41.9404252,50.0,257.28100723055434,0.0
63,12.5290972,41.9404252,50.0,77.28100723055434,0.0
64,12.5285646,41.9408859,50.0,113.04496386962526,0.0
65,12.5285646,41.9408859,50.0,293.04496386962524,0.0
66,12.5285804,41.9407049,50.0,104.771807195832,0.0
67,12.5285804,41.9407049,50.0,284.771807195832,0.0
68,12.5286959,41.9408745,50.0,73.3055490275242,0.0
69,12.5286959,41.9408745,50.0,253.3055490275242,0.0
70,12.5286501,41.9410636,50.0,73.3055490275242,0.0
71,12.5286501,41.9410636,50.0,253.3055490275242,0.0
72,12.5292292,41.9415257,50.0,190.82240759096828,0.0
73,12.5292292,41.9415257,50.0,10.822407590968282,0.0
74,12.5291785,41.9410971,50.0,228.67283627112516,0.0
75,12.5291785,41.9410971,50.0,48.67283627112516,0.0
76,12.5292489,41.9421591,50.0,193.09896416430342,0.0
77,12.5292489,41.9421591,50.0,13.098964164303425,0.0
78,12.5254479,41.9413225,50.0,129.92294843887134,0.0
79,12.5254479,41.9413225,50.0,309.92294843887134,0.0
80,12.5256999,41.9411384,50.0,310.34186656272016,0.0
81,12.5256999,41.9411384,50.0,130.34186656272016,0.0
82,12.5195472,41.9417308,50.0,358.41340457424553,0.0
83,12.5195472,41.9417308,50.0,178.41340457424553,0.0
84,12.511382,41.9431761,50.0,130.63874429071845,0.0
85,12.511382,41.9431761,50.0,310.6387442907185,0.0
86,12.5133579,41.9445772,50.0,262.1390432517518,0.0
87,12.5133579,41.9445772,50.0,82.13904325175179,0.0
88,12.5215461,41.944273,50.0,219.14753302132192,0.0
89,12.5215461,41.944273,50.0,39.14753302132192,0.0
90,12.521392,41.9441349,50.0,309.04484692189726,0.0
91,12.521392,41.9441349,50.0,129.04484692189726,0.0
92,12.5216271,41.9443426,50.0,309.0364612183062,0.0
93,12.5216271,41.9443426,50.0,129.03646121830621,0.0
94,12.521788,41.9444808,50.0,129.03665118037497,0.0
95,12.521788,41.9444808,50.0,309.036651180375,0.0
96,12.5218699,41.9445512,50.0,129.02112707358827,0.0
97,12.5218699,41.9445512,50.0,309.0211270735883,0.0
98,12.5220254,41.9446915,50.0,128.78237911185414,0.0
99,12.5220254,41.9446915,50.0,308.78237911185414,0.0
100,12.5220254,41.9446915,50.0,128.78237911185414,0.0
101,12.5220254,41.9446915,50.0,308.78237911185414,0.0
102,12.5218699,41.9445512,50.0,129.02112707358827,0.0
103,12.5218699,41.9445512,50.0,309.0211270735883,0.0
104,12.5180631,41.9417058,50.0,180.18265607810554,0.0
105,12.5180631,41.9417058,50.0,0.18265607810553774,0.0
106,12.5166734,41.9423185,50.0,37.9688384184833,0.0
107,12.5166734,41.9423185,50.0,217.9688384184833,0.0
108,12.5158148,41.9428235,50.0,38.47664072232794,0.0
109,12.5158148,41.9428235,50.0,218.47664072232794,0.0
110,12.5153811,41.9430768,50.0,38.08240498420503,0.0
111,12.5153811,41.9430768,50.0,218.08240498420503,0.0
112,12.5140427,41.9438556,50.0,218.19670428344267,0.0
113,12.5140427,41.9438556,50.0,38.19670428344267,0.0
114,12.5162595,41.9425638,50.0,37.98942550024424,0.0
115,12.5162595,41.9425638,50.0,217.98942550024424,0.0
116,12.5162362,41.9427136,50.0,307.343932653075,0.0
117,12.5162362,41.9427136,50.0,127.343932653075,0.0
118,12.516166,41.942776,50.0,218.78223902263636,0.0
119,12.516166,41.942776,50.0,38.78223902263636,0.0
120,12.516055,41.9428398,50.0,218.4765943032197,0.0
121,12.516055,41.9428398,50.0,38.47659430321971,0.0
122,12.5158489,41.9429584,50.0,218.17806957852366,0.0
123,12.5158489,41.9429584,50.0,38.17806957852366,0.0
124,12.5157374,41.9429797,50.0,222.99503014441132,0.0
125,12.5157374,41.9429797,50.0,42.99503014441132,0.0
126,12.516055,41.9428398,50.0,218.4765943032197,0.0
127,12.516055,41.9428398,50.0,38.47659430321971,0.0
128,12.5158393,41.943074,50.0,128.2302984925335,0.0
129,12.5158393,41.943074,50.0,308.2302984925335,0.0
130,12.5159914,41.9432178,50.0,128.2049454333076,0.0
131,12.5159914,41.9432178,50.0,308.2049454333076,0.0
132,12.5168014,41.9432516,50.0,308.42731059541086,0.0
133,12.5168014,41.9432516,50.0,128.42731059541086,0.0
134,12.5158489,41.9429584,50.0,218.17806957852366,0.0
135,12.5158489,41.9429584,50.0,38.17806957852366,0.0
136,12.5163558,41.9425102,50.0,37.98942550024424,0.0
137,12.5163558,41.9425102,50.0,217.98942550024424,0.0
138,12.5213029,41.9461311,50.0,2.936262840625261,0.0
139,12.5213029,41.9461311,50.0,182.93626284062526,0.0
140,12.5211959,41.9461368,50.0,2.8935129302988685,0.0
141,12.5211959,41.9461368,50.0,182.89351293029887,0.0
142,12.5206963,41.9461579,50.0,3.7026901145010243,0.0
143,12.5206963,41.9461579,50.0,183.70269011450102,0.0
144,12.5202082,41.9461787,50.0,4.346064340858618,0.0
145,12.5202082,41.9461787,50.0,184.34606434085862,0.0
146,12.5197695,41.9461949,50.0,3.2699063268136115,0.0
147,12.5197695,41.9461949,50.0,183.2699063268136,0.0
148,12.5189155,41.9462322,50.0,2.6616694426294885,0.0
149,12.5189155,41.9462322,50.0,182.6616694426295,0.0
150,12.5176703,41.9462347,50.0,355.1400625978428,0.0
151,12.5176703,41.9462347,50.0,175.14006259784287,0.0
152,12.5168965,41.9461211,50.0,347.2860846506194,0.0
153,12.5168965,41.9461211,50.0,167.2860846506194,0.0
154,12.5292369,41.9406937,50.0,265.79792165303456,0.0
155,12.5292369,41.9406937,50.0,85.79792165303456,0.0
156,12.5291901,41.9410086,50.0,270.79072210743993,0.0
157,12.5291901,41.9410086,50.0,90.79072210743993,0.0
158,12.5291745,41.9412759,50.0,277.53419983424726,0.0
159,12.5291745,41.9412759,50.0,97.53419983424726,0.0
160,12.5292355,41.9415417,50.0,202.49084445648452,0.0
161,12.5292355,41.9415417,50.0,22.490844456484524,0.0
162,12.5293383,41.9418454,50.0,278.9977980838111,0.0
163,12.5293383,41.9418454,50.0,98.99779808381112,0.0
164,12.5293865,41.9420023,50.0,280.5393651357871,0.0
165,12.5293865,41.9420023,50.0,100.53936513578708,0.0
166,12.5294588,41.9423148,50.0,278.5919736238471,0.0
167,12.5294588,41.9423148,50.0,98.59197362384708,0.0
168,12.5295308,41.9428904,50.0,247.77836209763126,0.0
169,12.5295308,41.9428904,50.0,67.77836209763126,0.0
170,12.5288539,41.9406992,50.0,173.84483176653367,0.0
171,12.5288539,41.9406992,50.0,353.8448317665337,0.0
172,12.5285804,41.9407049,50.0,104.771807195832,0.0
173,12.5285804,41.9407049,50.0,284.771807195832,0.0
174,12.525594,41.9459633,50.0,1.7356260285457665,0.0
175,12.525594,41.9459633,50.0,181.73562602854577,0.0
176,12.5254244,41.946074,50.0,65.6312737382043,0.0
177,12.5254244,41.946074,50.0,245.6312737382043,0.0
178,12.5236162,41.9462394,50.0,183.96595049416806,0.0
179,12.5236162,41.9462394,50.0,3.9659504941680552,0.0
180,12.5230601,41.9462637,50.0,184.06309553703852,0.0
181,12.5230601,41.9462637,50.0,4.063095537038521,0.0
182,12.5249296,41.945984,50.0,3.0597606784775735,0.0
183,12.5249296,41.945984,50.0,183.05976067847757,0.0
184,12.524611,41.9459886,50.0,3.066302193907404,0.0
185,12.524611,41.9459886,50.0,183.0663021939074,0.0
186,12.5243157,41.9459972,50.0,2.41055766772007,0.0
187,12.5243157,41.9459972,50.0,182.41055766772007,0.0
188,12.5237035,41.9460215,50.0,3.364976929668387,0.0
189,12.5237035,41.9460215,50.0,183.3649769296684,0.0
190,12.5230884,41.9460528,50.0,3.7516039202192815,0.0
191,12.5230884,41.9460528,50.0,183.75160392021928,0.0
192,12.5227158,41.9460683,50.0,1.642179956623977,0.0
193,12.5227158,41.9460683,50.0,181.64217995662398,0.0
194,12.5220344,41.9460957,50.0,3.5886812222543085,0.0
195,12.5220344,41.9460957,50.0,183.5886812222543,0.0
196,12.5214889,41.9461219,50.0,3.5723736348149373,0.0
197,12.5214889,41.9461219,50.0,183.57237363481494,0.0
198,12.5284577,41.9438149,50.0,46.708619650422406,0.0
199,12.5284577,41.9438149,50.0,226.7086196504224,0.0
200,12.5282004,41.9440112,50.0,45.61376288400493,0.0
201,12.5282004,41.9440112,50.0,225.61376288400493,0.0
202,12.5278252,41.9442913,50.0,45.83966614653366,0.0
203,12.5278252,41.9442913,50.0,225.83966614653366,0.0
204,12.5263682,41.9431349,50.0,308.3882805602918,0.0
205,12.5263682,41.9431349,50.0,128.38828056029178,0.0
206,12.5269208,41.9436388,50.0,310.00474198838947,0.0
207,12.5269208,41.9436388,50.0,130.00474198838947,0.0
208,12.5274717,41.9441446,50.0,308.5235761090564,0.0
209,12.5274717,41.9441446,50.0,128.52357610905642,0.0
210,12.5277738,41.9444157,50.0,310.86357474940473,0.0
211,12.5277738,41.9444157,50.0,130.86357474940473,0.0
212,12.516584,41.9455173,50.0,260.2058110456987,0.0
213,12.516584,41.9455173,50.0,80.20581104569868,0.0
214,12.5165224,41.9457758,50.0,258.20128695595145,0.0
215,12.5165224,41.9457758,50.0,78.20128695595145,0.0
216,12.5164629,41.946006,50.0,257.58757523203604,0.0
217,12.5164629,41.946006,50.0,77.58757523203604,0.0
218,12.5162304,41.9453524,50.0,350.694216858464,0.0
219,12.5162304,41.9453524,50.0,170.69421685846396,0.0
220,12.5160141,41.9454534,50.0,78.06472376213355,0.0
221,12.5160141,41.9454534,50.0,258.06472376213355,0.0
222,12.5160455,41.9456112,50.0,137.16609879542983,0.0
223,12.5160455,41.9456112,50.0,317.16609879542983,0.0
224,12.5206563,41.943484,50.0,310.7807099573463,0.0
225,12.5206563,41.943484,50.0,130.7807099573463,0.0
226,12.516166,41.942776,50.0,218.78223902263636,0.0
227,12.516166,41.942776,50.0,38.78223902263636,0.0
228,12.5181892,41.9428516,50.0,39.898486590329014,0.0
229,12.5181892,41.9428516,50.0,219.89848659032901,0.0
230,12.5179087,41.9430166,50.0,39.870108557018966,0.0
231,12.5179087,41.9430166,50.0,219.87010855701897,0.0
232,12.5174698,41.9430615,50.0,308.6951979078074,0.0
233,12.5174698,41.9430615,50.0,128.69519790780743,0.0
234,12.5195283,41.9417002,50.0,178.4134889242227,0.0
235,12.5195283,41.9417002,50.0,358.4134889242227,0.0
236,12.5195244,41.9420867,50.0,267.04076209890115,0.0
237,12.5195244,41.9420867,50.0,87.04076209890115,0.0
238,12.5166947,41.9435673,50.0,218.20526990054248,0.0
239,12.5166947,41.9435673,50.0,38.205269900542476,0.0
240,12.5169492,41.9441124,50.0,127.9841961351604,0.0
241,12.5169492,41.9441124,50.0,307.9841961351604,0.0
242,12.5172413,41.9443945,50.0,127.9841961351604,0.0
243,12.5172413,41.9443945,50.0,307.9841961351604,0.0
244,12.5161735,41.9426544,50.0,307.3039971492759,0.0
245,12.5161735,41.9426544,50.0,127.30399714927592,0.0
246,12.5162362,41.9427136,50.0,307.343932653075,0.0
247,12.5162362,41.9427136,50.0,127.343932653075,0.0
248,12.5185004,41.942663,50.0,219.60524730850966,0.0
249,12.5185004,41.942663,50.0,39.60524730850966,0.0
250,12.5181892,41.9428516,50.0,39.898486590329014,0.0
251,12.5181892,41.9428516,50.0,219.89848659032901,0.0
252,12.529146,41.9457262,50.0,6.573642244382938,0.0
253,12.529146,41.9457262,50.0,186.57364224438294,0.0
254,12.5274219,41.9458777,50.0,5.785969139758436,0.0
255,12.5274219,41.9458777,50.0,185.78596913975844,0.0
256,12.5269995,41.9459091,50.0,3.9980458351791412,0.0
257,12.5269995,41.9459091,50.0,183.99804583517914,0.0
258,12.5268177,41.9452991,50.0,231.2127963772469,0.0
259,12.5268177,41.9452991,50.0,51.21279637724689,0.0
260,12.5263091,41.9456517,50.0,217.40019407601585,0.0
261,12.5263091,41.9456517,50.0,37.40019407601585,0.0
262,12.5259938,41.9458081,50.0,264.2436486812037,0.0
263,12.5259938,41.9458081,50.0,84.2436486812037,0.0
264,12.5283914,41.9459532,50.0,186.75812491225815,0.0
265,12.5283914,41.9459532,50.0,6.758124912258154,0.0
266,12.5269441,41.9460959,50.0,187.74469514598883,0.0
267,12.5269441,41.9460959,50.0,7.744695145988828,0.0
268,12.5268243,41.9461078,50.0,187.34970346658974,0.0
269,12.5268243,41.9461078,50.0,7.3497034665897445,0.0
270,12.5265288,41.9461486,50.0,185.40537219587299,0.0
271,12.5265288,41.9461486,50.0,5.405372195872985,0.0
272,12.5257236,41.9461761,50.0,179.56712337960295,0.0
273,12.5257236,41.9461761,50.0,359.56712337960295,0.0
274,12.528564,41.9437216,50.0,44.640947400351365,0.0
275,12.528564,41.9437216,50.0,224.64094740035137,0.0
276,12.5230616,41.9413355,50.0,40.14935028501998,0.0
277,12.5230616,41.9413355,50.0,220.14935028501998,0.0
278,12.5160788,41.9460011,50.0,348.7492324113805,0.0
279,12.5160788,41.9460011,50.0,168.7492324113805,0.0
280,12.5144498,41.9456643,50.0,328.1294632785107,0.0
281,12.5144498,41.9456643,50.0,148.12946327851068,0.0
282,12.5155901,41.9459392,50.0,345.4212584520384,0.0
283,12.5155901,41.9459392,50.0,165.4212584520384,0.0
284,12.5159165,41.9427631,50.0,38.47664072232794,0.0
285,12.5159165,41.9427631,50.0,218.47664072232794,0.0
286,12.5152848,41.943133,50.0,218.08321527865775,0.0
287,12.5152848,41.943133,50.0,38.08321527865775,0.0
288,12.5147998,41.9434154,50.0,218.08321527865775,0.0
289,12.5147998,41.9434154,50.0,38.08321527865775,0.0
290,12.5144258,41.9436264,50.0,217.52518230126947,0.0
291,12.5144258,41.9436264,50.0,37.52518230126947,0.0
292,12.5157713,41.9430069,50.0,128.36436972624057,0.0
293,12.5157713,41.9430069,50.0,308.36436972624057,0.0
294,12.5157374,41.9429797,50.0,222.99503014441132,0.0
295,12.5157374,41.9429797,50.0,42.99503014441132,0.0
296,12.5157713,41.9430069,50.0,128.36436972624057,0.0
297,12.5157713,41.9430069,50.0,308.36436972624057,0.0
298,12.5225292,41.9425122,50.0,129.0833864243381,0.0
299,12.5225292,41.9425122,50.0,309.0833864243381,0.0
300,12.5228108,41.9427673,50.0,129.04526743974432,0.0
301,12.5228108,41.9427673,50.0,309.0452674397443,0.0
302,12.5162671,41.9427428,50.0,308.24030785502794,0.0
303,12.5162671,41.9427428,50.0,128.24030785502794,0.0
304,12.5166514,41.9431088,50.0,308.42731059541086,0.0
305,12.5166514,41.9431088,50.0,128.42731059541086,0.0
306,12.5170474,41.9434898,50.0,306.9831266494945,0.0
307,12.5170474,41.9434898,50.0,126.98312664949452,0.0
308,12.524379,41.9462028,50.0,183.26004009862703,0.0
309,12.524379,41.9462028,50.0,3.26004009862703,0.0
310,12.5282551,41.9404282,50.0,115.4374776757918,0.0
311,12.5282551,41.9404282,50.0,295.4374776757918,0.0
312,12.5197246,41.9433929,50.0,219.35945936260447,0.0
313,12.5197246,41.9433929,50.0,39.35945936260447,0.0
314,12.5192546,41.9436851,50.0,130.04411141266138,0.0
315,12.5192546,41.9436851,50.0,310.0441114126614,0.0
316,12.5191981,41.9437198,50.0,159.56410718442226,0.0
317,12.5191981,41.9437198,50.0,339.56410718442226,0.0
318,12.5187323,41.9440055,50.0,219.93176916260632,0.0
319,12.5187323,41.9440055,50.0,39.931769162606315,0.0
320,12.5181286,41.9443815,50.0,39.9309055797637,0.0
321,12.5181286,41.9443815,50.0,219.9309055797637,0.0
322,12.5189184,41.9416821,50.0,0.18166688442937584,0.0
323,12.5189184,41.9416821,50.0,180.18166688442938,0.0
324,12.5195492,41.9417008,50.0,178.4134889242227,0.0
325,12.5195492,41.9417008,50.0,358.4134889242227,0.0
326,12.5199106,41.9417155,50.0,357.6476942152801,0.0
327,12.5199106,41.9417155,50.0,177.64769421528013,0.0
328,12.5206509,41.9417417,50.0,177.64329398526064,0.0
329,12.5206509,41.9417417,50.0,357.64329398526064,0.0
330,12.517823,41.9417521,50.0,20.528390837629217,0.0
331,12.517823,41.9417521,50.0,200.52839083762922,0.0
332,12.5212592,41.9417566,50.0,357.6422374854328,0.0
333,12.5212592,41.9417566,50.0,177.64223748543282,0.0
334,12.5170116,41.9421163,50.0,214.44244855244767,0.0
335,12.5170116,41.9421163,50.0,34.44244855244767,0.0
336,12.5165832,41.9423728,50.0,37.9688384184833,0.0
337,12.5165832,41.9423728,50.0,217.9688384184833,0.0
338,12.5164433,41.9424577,50.0,37.98942550024424,0.0
339,12.5164433,41.9424577,50.0,217.98942550024424,0.0
340,12.5161588,41.9426199,50.0,217.567856419571,0.0
341,12.5161588,41.9426199,50.0,37.567856419571,0.0
342,12.5268171,41.9459098,50.0,4.632211201377004,0.0
343,12.5268171,41.9459098,50.0,184.632211201377,0.0
344,12.5265071,41.9459265,50.0,3.7377626491746128,0.0
345,12.5265071,41.9459265,50.0,183.7377626491746,0.0
346,12.5259057,41.9459641,50.0,0.8802512817129013,0.0
347,12.5259057,41.9459641,50.0,180.8802512817129,0.0
348,12.529453,41.9457025,50.0,4.95420713724053,0.0
349,12.529453,41.9457025,50.0,184.95420713724053,0.0
350,12.5161454,41.9456487,50.0,140.823402398364,0.0
351,12.5161454,41.9456487,50.0,320.823402398364,0.0
352,12.5165065,41.9457076,50.0,199.13202524728513,0.0
353,12.5165065,41.9457076,50.0,19.132025247285128,0.0
354,12.5162616,41.9458343,50.0,165.7766518486225,0.0
355,12.5162616,41.9458343,50.0,345.77665184862246,0.0
356,12.5268873,41.9460504,50.0,307.4961540800053,0.0
357,12.5268873,41.9460504,50.0,127.49615408000528,0.0
358,12.527018,41.9459549,50.0,99.90543912565215,0.0
359,12.527018,41.9459549,50.0,279.90543912565215,0.0
360,12.5225273,41.9460261,50.0,87.79685169685195,0.0
361,12.5225273,41.9460261,50.0,267.79685169685195,0.0
362,12.5239271,41.9462248,50.0,183.26004009862703,0.0
363,12.5239271,41.9462248,50.0,3.26004009862703,0.0
364,12.5260401,41.9439247,50.0,182.7877736141097,0.0
365,12.5260401,41.9439247,50.0,2.7877736141097103,0.0
366,12.5267711,41.9440002,50.0,141.4858176601725,0.0
367,12.5267711,41.9440002,50.0,321.48581766017253,0.0
368,12.5133602,41.9446957,50.0,305.6116007285771,0.0
369,12.5133602,41.9446957,50.0,125.61160072857712,0.0
370,12.5273924,41.9446161,50.0,48.25267163483409,0.0
371,12.5273924,41.9446161,50.0,228.2526716348341,0.0
372,12.5137268,41.9439964,50.0,29.345579794141997,0.0
373,12.5137268,41.9439964,50.0,209.345579794142,0.0
374,12.527694,41.9395731,50.0,109.70292097830946,0.0
375,12.527694,41.9395731,50.0,289.70292097830946,0.0
376,12.5277873,41.9397375,50.0,112.36310275555485,0.0
377,12.5277873,41.9397375,50.0,292.36310275555485,0.0
378,12.5278347,41.9398207,50.0,112.54454924359831,0.0
379,12.5278347,41.9398207,50.0,292.54454924359834,0.0
380,12.5284217,41.9392361,50.0,354.6059740153418,0.0
381,12.5284217,41.9392361,50.0,174.60597401534187,0.0
382,12.5265372,41.9391854,50.0,40.86592920258988,0.0
383,12.5265372,41.9391854,50.0,220.86592920258988,0.0
384,12.5262803,41.9380487,50.0,128.11489654337154,0.0
385,12.5262803,41.9380487,50.0,308.1148965433715,0.0
386,12.5260003,41.9456763,50.0,38.22229367532873,0.0
387,12.5260003,41.9456763,50.0,218.22229367532873,0.0
388,12.5251467,41.945979,50.0,2.012351174021319,0.0
389,12.5251467,41.945979,50.0,182.01235117402132,0.0
390,12.528509,41.9408014,50.0,113.1894679161862,0.0
391,12.528509,41.9408014,50.0,293.18946791618623,0.0
392,12.5285646,41.9408859,50.0,113.04496386962526,0.0
393,12.5285646,41.9408859,50.0,293.04496386962524,0.0
394,12.5281509,41.9392172,50.0,40.17044252062891,0.0
395,12.5281509,41.9392172,50.0,220.1704425206289,0.0
396,12.5289998,41.9406453,50.0,224.81455419886282,0.0
397,12.5289998,41.9406453,50.0,44.81455419886282,0.0
398,12.5271148,41.9387938,50.0,48.55456778785776,0.0
399,12.5271148,41.9387938,50.0,228.55456778785776,0.0
400,12.5268084,41.9390209,50.0,38.62348515877659,0.0
401,12.5268084,41.9390209,50.0,218.6234851587766,0.0
402,12.5267297,41.9390709,50.0,36.56247200091889,0.0
403,12.5267297,41.9390709,50.0,216.5624720009189,0.0
404,12.526747,41.9384889,50.0,134.06245599575578,0.0
405,12.526747,41.9384889,50.0,314.0624559957558,0.0
406,12.5267822,41.9389737,50.0,78.91016842581678,0.0
407,12.5267822,41.9389737,50.0,258.9101684258168,0.0
408,12.5267272,41.939046,50.0,61.52573203047609,0.0
409,12.5267272,41.939046,50.0,241.5257320304761,0.0
410,12.514217,41.9437471,50.0,218.19670428344267,0.0
411,12.514217,41.9437471,50.0,38.19670428344267,0.0
412,12.5285587,41.9439126,50.0,131.60649594500202,0.0
413,12.5285587,41.9439126,50.0,311.60649594500205,0.0
414,12.5286997,41.944037,50.0,127.33234124212134,0.0
415,12.5286997,41.944037,50.0,307.33234124212134,0.0
416,12.528791,41.9443589,50.0,95.6992317421246,0.0
417,12.528791,41.9443589,50.0,275.6992317421246,0.0
418,12.5288838,41.9448078,50.0,110.34082175187766,0.0
419,12.5288838,41.9448078,50.0,290.3408217518777,0.0
420,12.5289519,41.9449417,50.0,112.69517175279981,0.0
421,12.5289519,41.9449417,50.0,292.6951717527998,0.0
422,12.5294815,41.9454921,50.0,129.85578997936423,0.0
423,12.5294815,41.9454921,50.0,309.8557899793642,0.0
424,12.5185905,41.9431069,50.0,130.2495577144296,0.0
425,12.5185905,41.9431069,50.0,310.2495577144296,0.0
426,12.5189375,41.9434171,50.0,130.2495577144296,0.0
427,12.5189375,41.9434171,50.0,310.2495577144296,0.0
428,12.5191796,41.9436347,50.0,130.20344152968946,0.0
429,12.5191796,41.9436347,50.0,310.2034415296895,0.0
430,12.5281244,41.9433266,50.0,129.55482597580553,0.0
431,12.5281244,41.9433266,50.0,309.55482597580556,0.0
432,12.5245189,41.9458478,50.0,159.53440106602818,0.0
433,12.5245189,41.9458478,50.0,339.5344010660282,0.0
434,12.5267935,41.9461885,50.0,103.479894995987,0.0
435,12.5267935,41.9461885,50.0,283.479894995987,0.0
436,12.5213678,41.9423689,50.0,40.05128503077367,0.0
437,12.5213678,41.9423689,50.0,220.05128503077367,0.0
438,12.5207914,41.9427285,50.0,40.05128503077367,0.0
439,12.5207914,41.9427285,50.0,220.05128503077367,0.0
440,12.522096,41.9434719,50.0,127.82867792336046,0.0
441,12.522096,41.9434719,50.0,307.8286779233605,0.0
442,12.5263966,41.9443322,50.0,337.338393111128,0.0
443,12.5263966,41.9443322,50.0,157.33839311112797,0.0
444,12.5249068,41.9443926,50.0,6.576166593370772,0.0
445,12.5249068,41.9443926,50.0,186.57616659337077,0.0
446,12.5263545,41.9438235,50.0,141.4858176601725,0.0
447,12.5263545,41.9438235,50.0,321.48581766017253,0.0
448,12.5278381,41.9388466,50.0,309.955997367905,0.0
449,12.5278381,41.9388466,50.0,129.955997367905,0.0
450,12.5269543,41.9389901,50.0,134.10595403637743,0.0
451,12.5269543,41.9389901,50.0,314.1059540363774,0.0
452,12.5272687,41.9392639,50.0,135.55995377211505,0.0
453,12.5272687,41.9392639,50.0,315.559953772115,0.0
454,12.5229354,41.9462687,50.0,183.7156853976678,0.0
455,12.5229354,41.9462687,50.0,3.715685397667812,0.0
456,12.5296189,41.9458629,50.0,186.75812491225815,0.0
457,12.5296189,41.9458629,50.0,6.758124912258154,0.0
458,12.5140285,41.9456845,50.0,130.63874429071845,0.0
459,12.5140285,41.9456845,50.0,310.6387442907185,0.0
460,12.5220935,41.9417815,50.0,356.51833476531306,0.0
461,12.5220935,41.9417815,50.0,176.51833476531306,0.0
462,12.5170511,41.9450496,50.0,41.43715421883542,0.0
463,12.5170511,41.9450496,50.0,221.43715421883542,0.0
464,12.5195283,41.9417002,50.0,178.4134889242227,0.0
465,12.5195283,41.9417002,50.0,358.4134889242227,0.0
466,12.5247365,41.9402772,50.0,39.03146173747837,0.0
467,12.5247365,41.9402772,50.0,219.03146173747837,0.0
468,12.5255804,41.9414524,50.0,187.77681460387356,0.0
469,12.5255804,41.9414524,50.0,7.776814603873561,0.0
470,12.5253061,41.9416159,50.0,220.84312064113357,0.0
471,12.5253061,41.9416159,50.0,40.84312064113357,0.0
472,12.5244061,41.9421777,50.0,219.88618214014184,0.0
473,12.5244061,41.9421777,50.0,39.88618214014184,0.0
474,12.5236474,41.9426427,50.0,220.55882132389195,0.0
475,12.5236474,41.9426427,50.0,40.55882132389195,0.0
476,12.5231891,41.9429418,50.0,220.5786731549042,0.0
477,12.5231891,41.9429418,50.0,40.57867315490421,0.0
478,12.5226549,41.9432564,50.0,219.92430522118252,0.0
479,12.5226549,41.9432564,50.0,39.92430522118252,0.0
480,12.5218615,41.9437564,50.0,220.12827096048784,0.0
481,12.5218615,41.9437564,50.0,40.12827096048784,0.0
482,12.5251251,41.9406292,50.0,308.8751609758872,0.0
483,12.5251251,41.9406292,50.0,128.87516097588718,0.0
484,12.5218203,41.9418709,50.0,130.3690342002596,0.0
485,12.5218203,41.9418709,50.0,310.3690342002596,0.0
486,12.5265827,41.9395737,50.0,308.58926767503766,0.0
487,12.5265827,41.9395737,50.0,128.58926767503766,0.0
488,12.5275237,41.9404192,50.0,307.3657923012819,0.0
489,12.5275237,41.9404192,50.0,127.36579230128189,0.0
490,12.52794,41.9410023,50.0,306.19631500723654,0.0
491,12.52794,41.9410023,50.0,126.19631500723654,0.0
492,12.5255215,41.9461804,50.0,171.63168374635416,0.0
493,12.5255215,41.9461804,50.0,351.63168374635416,0.0
494,12.5250386,41.9459841,50.0,285.8791079911866,0.0
495,12.5250386,41.9459841,50.0,105.87910799118657,0.0
496,12.5295222,41.9391947,50.0,55.754310362821,0.0
497,12.5295222,41.9391947,50.0,235.754310362821,0.0
498,12.5293278,41.9393041,50.0,316.87128966050517,0.0
499,12.5293278,41.9393041,50.0,136.87128966050517,0.0
500,12.5273054,41.9386845,50.0,307.5394264307265,0.0
501,12.5273054,41.9386845,50.0,127.53942643072651,0.0
502,12.5274306,41.9388265,50.0,310.20507664044106,0.0
503,12.5274306,41.9388265,50.0,130.20507664044106,0.0
504,12.5292725,41.9404524,50.0,265.79792165303456,0.0
505,12.5292725,41.9404524,50.0,85.79792165303456,0.0
506,12.525195,41.9430462,50.0,220.5350012847693,0.0
507,12.525195,41.9430462,50.0,40.535001284769294,0.0
508,12.5246248,41.943401,50.0,219.72190734999282,0.0
509,12.5246248,41.943401,50.0,39.72190734999282,0.0
510,12.5242584,41.9436311,50.0,219.72190734999282,0.0
511,12.5242584,41.9436311,50.0,39.72190734999282,0.0
512,12.521328,41.9457526,50.0,272.36238425673093,0.0
513,12.521328,41.9457526,50.0,92.36238425673093,0.0
514,12.5193686,41.945885,50.0,271.87714883647243,0.0
515,12.5193686,41.945885,50.0,91.87714883647243,0.0
516,12.5206042,41.9449112,50.0,307.69551366445313,0.0
517,12.5206042,41.9449112,50.0,127.69551366445313,0.0
518,12.5211853,41.9439529,50.0,130.59985708854143,0.0
519,12.5211853,41.9439529,50.0,310.5998570885414,0.0
520,12.5212454,41.9440037,50.0,131.31888702372984,0.0
521,12.5212454,41.9440037,50.0,311.31888702372987,0.0
522,12.5214691,41.9442045,50.0,129.04498067026466,0.0
523,12.5214691,41.9442045,50.0,309.04498067026464,0.0
524,12.5217082,41.9444123,50.0,129.03665118037497,0.0
525,12.5217082,41.9444123,50.0,309.036651180375,0.0
526,12.5219493,41.9446218,50.0,309.0210058904125,0.0
527,12.5219493,41.9446218,50.0,129.02100589041248,0.0
528,12.5221286,41.9447865,50.0,308.7822325286696,0.0
529,12.5221286,41.9447865,50.0,128.78223252866962,0.0
530,12.5228519,41.9454331,50.0,309.6270423426235,0.0
531,12.5228519,41.9454331,50.0,129.6270423426235,0.0
532,12.5232725,41.9460436,50.0,3.364976929668387,0.0
533,12.5232725,41.9460436,50.0,183.3649769296684,0.0
534,12.5232333,41.946088,50.0,93.70625005889053,0.0
535,12.5232333,41.946088,50.0,273.70625005889053,0.0
536,12.524078,41.9460062,50.0,3.364976929668387,0.0
537,12.524078,41.9460062,50.0,183.3649769296684,0.0
538,12.5195472,41.9417308,50.0,358.41340457424553,0.0
539,12.5195472,41.9417308,50.0,178.41340457424553,0.0
540,12.5195299,41.9419978,50.0,267.04076209890115,0.0
541,12.5195299,41.9419978,50.0,87.04076209890115,0.0
542,12.5269608,41.9386669,50.0,131.86233054607882,0.0
543,12.5269608,41.9386669,50.0,311.86233054607885,0.0
544,12.5179476,41.9417252,50.0,200.52855953484556,0.0
545,12.5179476,41.9417252,50.0,20.528559534845556,0.0
546,12.5239405,41.9438385,50.0,39.88032824105835,0.0
547,12.5239405,41.9438385,50.0,219.88032824105835,0.0
548,12.5234693,41.9441235,50.0,219.88222416090173,0.0
549,12.5234693,41.9441235,50.0,39.88222416090173,0.0
550,12.5227027,41.9446033,50.0,40.26590706537371,0.0
551,12.5227027,41.9446033,50.0,220.2659070653737,0.0
552,12.5243729,41.9413442,50.0,129.4194059043135,0.0
553,12.5243729,41.9413442,50.0,309.4194059043135,0.0
554,12.5270265,41.9445677,50.0,152.9242305003423,0.0
555,12.5270265,41.9445677,50.0,332.92423050034233,0.0
556,12.5192505,41.9436984,50.0,130.04411141266138,0.0
557,12.5192505,41.9436984,50.0,310.0441114126614,0.0
558,12.5195416,41.9439618,50.0,130.06623211615513,0.0
559,12.5195416,41.9439618,50.0,310.0662321161551,0.0
560,12.5199187,41.9443031,50.0,130.06623211615513,0.0
561,12.5199187,41.9443031,50.0,310.0662321161551,0.0
562,12.5264992,41.9410845,50.0,38.45222228610561,0.0
563,12.5264992,41.9410845,50.0,218.4522222861056,0.0
564,12.5260232,41.9413767,50.0,38.467468895889056,0.0
565,12.5260232,41.9413767,50.0,218.46746889588906,0.0
566,12.5254028,41.9411503,50.0,70.2634390020329,0.0
567,12.5254028,41.9411503,50.0,250.2634390020329,0.0
568,12.5258451,41.9412767,50.0,310.34186656272016,0.0
569,12.5258451,41.9412767,50.0,130.34186656272016,0.0
570,12.5254479,41.9413225,50.0,129.92294843887134,0.0
571,12.5254479,41.9413225,50.0,309.92294843887134,0.0
572,12.5257189,41.9414213,50.0,187.77681460387356,0.0
573,12.5257189,41.9414213,50.0,7.776814603873561,0.0
574,12.5259563,41.940684,50.0,218.50240966255927,0.0
575,12.5259563,41.940684,50.0,38.50240966255927,0.0
576,12.5255832,41.9409113,50.0,309.61060255299896,0.0
577,12.5255832,41.9409113,50.0,129.61060255299896,0.0
578,12.5253566,41.9412418,50.0,129.92294843887134,0.0
579,12.5253566,41.9412418,50.0,309.92294843887134,0.0
580,12.5251058,41.9414009,50.0,39.36646113589711,0.0
581,12.5251058,41.9414009,50.0,219.3664611358971,0.0
582,12.5241396,41.941999,50.0,40.48935256089737,0.0
583,12.5241396,41.941999,50.0,220.48935256089737,0.0
584,12.5234447,41.9424336,50.0,40.475440561956134,0.0
585,12.5234447,41.9424336,50.0,220.47544056195613,0.0
586,12.5229445,41.942745,50.0,40.46900372689083,0.0
587,12.5229445,41.942745,50.0,220.46900372689083,0.0
588,12.522441,41.9430548,50.0,39.870143916533436,0.0
589,12.522441,41.9430548,50.0,219.87014391653344,0.0
590,12.5215986,41.9435809,50.0,39.7898182698018,0.0
591,12.5215986,41.9435809,50.0,219.7898182698018,0.0
592,12.5260071,41.9435669,50.0,38.97836545857626,0.0
593,12.5260071,41.9435669,50.0,218.97836545857626,0.0
594,12.5252767,41.9435717,50.0,310.3800658449162,0.0
595,12.5252767,41.9435717,50.0,130.3800658449162,0.0
596,12.5270082,41.9423205,50.0,129.55209786229844,0.0
597,12.5270082,41.9423205,50.0,309.5520978622984,0.0
598,12.5274851,41.9427593,50.0,129.55482597580553,0.0
599,12.5274851,41.9427593,50.0,309.55482597580556,0.0
600,12.5283642,41.9435404,50.0,128.55735313855075,0.0
601,12.5283642,41.9435404,50.0,308.55735313855075,0.0
602,12.5285224,41.943684,50.0,107.58727325144196,0.0
603,12.5285224,41.943684,50.0,287.58727325144196,0.0
604,12.5282844,41.9434681,50.0,128.55735313855075,0.0
605,12.5282844,41.9434681,50.0,308.55735313855075,0.0
606,12.5273223,41.944004,50.0,308.5235761090564,0.0
607,12.5273223,41.944004,50.0,128.52357610905642,0.0
608,12.5255593,41.94527,50.0,213.40809611912618,0.0
609,12.5255593,41.94527,50.0,33.408096119126185,0.0
610,12.520693,41.9443074,50.0,219.249685317826,0.0
611,12.520693,41.9443074,50.0,39.24968531782599,0.0
612,12.5204128,41.944483,50.0,219.2372152505373,0.0
613,12.5204128,41.944483,50.0,39.237215250537304,0.0
614,12.5194536,41.9423373,50.0,179.24241961107901,0.0
615,12.5194536,41.9423373,50.0,359.242419611079,0.0
616,12.5188523,41.942478,50.0,22.214234305778348,0.0
617,12.5188523,41.942478,50.0,202.21423430577835,0.0
618,12.518405,41.9427212,50.0,39.60500501807235,0.0
619,12.518405,41.9427212,50.0,219.60500501807235,0.0
620,12.5181892,41.9428516,50.0,39.898486590329014,0.0
621,12.5181892,41.9428516,50.0,219.89848659032901,0.0
622,12.5179087,41.9430166,50.0,39.870108557018966,0.0
623,12.5179087,41.9430166,50.0,219.87010855701897,0.0
624,12.5176128,41.9431935,50.0,217.89921764432637,0.0
625,12.5176128,41.9431935,50.0,37.89921764432637,0.0
626,12.5175165,41.9432442,50.0,217.89921764432637,0.0
627,12.5175165,41.9432442,50.0,37.89921764432637,0.0
628,12.5172712,41.9434002,50.0,38.034715147262546,0.0
629,12.5172712,41.9434002,50.0,218.03471514726255,0.0
630,12.5168063,41.9436753,50.0,38.35125364639998,0.0
631,12.5168063,41.9436753,50.0,218.35125364639998,0.0
632,12.5162168,41.9440067,50.0,218.24968390610746,0.0
633,12.5162168,41.9440067,50.0,38.249683906107464,0.0
634,12.5157315,41.9442918,50.0,218.24968390610746,0.0
635,12.5157315,41.9442918,50.0,38.249683906107464,0.0
636,12.5165605,41.9424137,50.0,127.8541380654836,0.0
637,12.5165605,41.9424137,50.0,307.8541380654836,0.0
638,12.5169676,41.9427975,50.0,127.56637214533987,0.0
639,12.5169676,41.9427975,50.0,307.56637214533987,0.0
640,12.5173538,41.94316,50.0,127.56637214533987,0.0
641,12.5173538,41.94316,50.0,307.56637214533987,0.0
642,12.5174345,41.9432356,50.0,127.59076310170954,0.0
643,12.5174345,41.9432356,50.0,307.5907631017095,0.0
644,12.5167497,41.9423662,50.0,308.68755993948287,0.0
645,12.5167497,41.9423662,50.0,128.68755993948287,0.0
646,12.5168205,41.9424442,50.0,308.70075553526175,0.0
647,12.5168205,41.9424442,50.0,128.70075553526175,0.0
648,12.517168,41.9427771,50.0,308.6951979078074,0.0
649,12.517168,41.9427771,50.0,128.69519790780743,0.0
650,12.517569,41.9431581,50.0,308.73387372807656,0.0
651,12.517569,41.9431581,50.0,128.73387372807656,0.0
652,12.5178175,41.941809,50.0,128.1823166402409,0.0
653,12.5178175,41.941809,50.0,308.1823166402409,0.0
654,12.5181989,41.9421849,50.0,308.19433328402624,0.0
655,12.5181989,41.9421849,50.0,128.19433328402624,0.0
656,12.5185676,41.9425407,50.0,126.85438135388694,0.0
657,12.5185676,41.9425407,50.0,306.85438135388694,0.0
658,12.5143903,41.9436695,50.0,305.547733731047,0.0
659,12.5143903,41.9436695,50.0,125.547733731047,0.0
660,12.5146824,41.9439609,50.0,307.5298482188499,0.0
661,12.5146824,41.9439609,50.0,127.5298482188499,0.0
662,12.515058,41.9443183,50.0,307.5298482188499,0.0
663,12.515058,41.9443183,50.0,127.5298482188499,0.0
664,12.5153791,41.9446543,50.0,305.6605017765227,0.0
665,12.5153791,41.9446543,50.0,125.66050177652272,0.0
666,12.5157307,41.9449925,50.0,308.697727492024,0.0
667,12.5157307,41.9449925,50.0,128.697727492024,0.0
668,12.529144,41.9435788,50.0,258.58790329539585,0.0
669,12.529144,41.9435788,50.0,78.58790329539585,0.0
670,12.5289786,41.9442028,50.0,274.2134829977376,0.0
671,12.5289786,41.9442028,50.0,94.21348299773757,0.0
672,12.5291198,41.9449054,50.0,292.6657365229573,0.0
673,12.5291198,41.9449054,50.0,112.66573652295727,0.0
674,12.5295061,41.9455716,50.0,62.988731822484056,0.0
675,12.5295061,41.9455716,50.0,242.98873182248406,0.0
676,12.5294714,41.939482,50.0,239.1901534597884,0.0
677,12.5294714,41.939482,50.0,59.190153459788405,0.0
678,12.5285219,41.9449912,50.0,232.51161433996867,0.0
679,12.5285219,41.9449912,50.0,52.51161433996867,0.0
680,12.5291913,41.9450643,50.0,211.43705083676338,0.0
681,12.5291913,41.9450643,50.0,31.437050836763376,0.0
682,12.5291092,41.9434874,50.0,224.42458838906634,0.0
683,12.5291092,41.9434874,50.0,44.42458838906634,0.0
684,12.5286018,41.9438773,50.0,230.0944448972125,0.0
685,12.5286018,41.9438773,50.0,50.0944448972125,0.0
686,12.5196363,41.9425059,50.0,293.0131142408088,0.0
687,12.5196363,41.9425059,50.0,113.01311424080882,0.0
688,12.5199084,41.9427961,50.0,307.7610145687998,0.0
689,12.5199084,41.9427961,50.0,127.7610145687998,0.0
690,12.5259638,41.9374942,50.0,311.28233845117774,0.0
691,12.5259638,41.9374942,50.0,131.28233845117774,0.0
692,12.5264156,41.9378965,50.0,311.28233845117774,0.0
693,12.5264156,41.9378965,50.0,131.28233845117774,0.0
694,12.5290112,41.9392759,50.0,322.7933503482492,0.0
695,12.5290112,41.9392759,50.0,142.7933503482492,0.0
696,12.5293278,41.9393041,50.0,316.87128966050517,0.0
697,12.5293278,41.9393041,50.0,136.87128966050517,0.0
698,12.5290112,41.9392759,50.0,322.7933503482492,0.0
699,12.5290112,41.9392759,50.0,142.7933503482492,0.0
700,12.5291828,41.9397073,50.0,268.0124835393001,0.0
701,12.5291828,41.9397073,50.0,88.01248353930009,0.0
702,12.5290337,41.9406014,50.0,224.81455419886282,0.0
703,12.5290337,41.9406014,50.0,44.81455419886282,0.0
704,12.5291998,41.9392963,50.0,344.84270292804524,0.0
705,12.5291998,41.9392963,50.0,164.84270292804524,0.0
706,12.5291766,41.9394214,50.0,268.0124835393001,0.0
707,12.5291766,41.9394214,50.0,88.01248353930009,0.0
708,12.5291828,41.9397073,50.0,268.0124835393001,0.0
709,12.5291828,41.9397073,50.0,88.01248353930009,0.0
710,12.5291428,41.9400715,50.0,268.0124835393001,0.0
711,12.5291428,41.9400715,50.0,88.01248353930009,0.0
712,12.5291202,41.9402505,50.0,268.0124835393001,0.0
713,12.5291202,41.9402505,50.0,88.01248353930009,0.0
714,12.5283673,41.9405938,50.0,115.4374776757918,0.0
715,12.5283673,41.9405938,50.0,295.4374776757918,0.0
716,12.5281777,41.9392188,50.0,40.17044252062891,0.0
717,12.5281777,41.9392188,50.0,220.1704425206289,0.0
718,12.528662,41.9392533,50.0,354.6059740153418,0.0
719,12.528662,41.9392533,50.0,174.60597401534187,0.0
720,12.5275649,41.9389441,50.0,326.9862186341967,0.0
721,12.5275649,41.9389441,50.0,146.9862186341967,0.0
722,12.5263472,41.9392981,50.0,127.47659591905733,0.0
723,12.5263472,41.9392981,50.0,307.47659591905733,0.0
724,12.528662,41.9392533,50.0,354.6059740153418,0.0
725,12.528662,41.9392533,50.0,174.60597401534187,0.0
726,12.5277873,41.9397375,50.0,112.36310275555485,0.0
727,12.5277873,41.9397375,50.0,292.36310275555485,0.0
728,12.5278031,41.9407559,50.0,271.84166935258816,0.0
729,12.5278031,41.9407559,50.0,91.84166935258816,0.0
730,12.5279355,41.94135,50.0,220.1013504785497,0.0
731,12.5279355,41.94135,50.0,40.101350478549705,0.0
732,12.5272765,41.9417491,50.0,219.57723411804824,0.0
733,12.5272765,41.9417491,50.0,39.57723411804824,0.0
734,12.5286136,41.9409732,50.0,109.98551862205352,0.0
735,12.5286136,41.9409732,50.0,289.9855186220535,0.0
736,12.5287652,41.9413265,50.0,109.99026715433513,0.0
737,12.5287652,41.9413265,50.0,289.99026715433513,0.0
738,12.5288768,41.9415759,50.0,110.00670277927384,0.0
739,12.5288768,41.9415759,50.0,290.00670277927384,0.0
740,12.5289145,41.9416602,50.0,109.07073649016226,0.0
741,12.5289145,41.9416602,50.0,289.0707364901623,0.0
742,12.5289822,41.9418091,50.0,108.07152108036306,0.0
743,12.5289822,41.9418091,50.0,288.071521080363,0.0
744,12.5290789,41.9420038,50.0,109.96174078869569,0.0
745,12.5290789,41.9420038,50.0,289.9617407886957,0.0
746,12.5292247,41.942314,50.0,110.2253844593356,0.0
747,12.5292247,41.942314,50.0,290.2253844593356,0.0
748,12.5285587,41.9439126,50.0,131.60649594500202,0.0
749,12.5285587,41.9439126,50.0,311.60649594500205,0.0
750,12.5283802,41.9440467,50.0,225.4121857353972,0.0
751,12.5283802,41.9440467,50.0,45.4121857353972,0.0
752,12.5276002,41.9446357,50.0,228.62087216136104,0.0
753,12.5276002,41.9446357,50.0,48.620872161361035,0.0
754,12.5285194,41.943865,50.0,94.48990936515503,0.0
755,12.5285194,41.943865,50.0,274.48990936515503,0.0
756,12.516166,41.942776,50.0,218.78223902263636,0.0
757,12.516166,41.942776,50.0,38.78223902263636,0.0
758,12.516055,41.9428398,50.0,218.4765943032197,0.0
759,12.516055,41.9428398,50.0,38.47659430321971,0.0
760,12.5158393,41.943074,50.0,128.2302984925335,0.0
761,12.5158393,41.943074,50.0,308.2302984925335,0.0
762,12.5271392,41.9388147,50.0,129.14680004654096,0.0
763,12.5271392,41.9388147,50.0,309.146800046541,0.0
764,12.5257011,41.945832,50.0,38.07449157187273,0.0
765,12.5257011,41.945832,50.0,218.07449157187273,0.0
766,12.5256308,41.9461858,50.0,179.56712337960295,0.0
767,12.5256308,41.9461858,50.0,359.56712337960295,0.0
768,12.5262784,41.9423703,50.0,219.75610797079014,0.0
769,12.5262784,41.9423703,50.0,39.75610797079014,0.0
770,12.5294186,41.9395703,50.0,239.1901534597884,0.0
771,12.5294186,41.9395703,50.0,59.190153459788405,0.0
772,12.5144258,41.9436264,50.0,217.52518230126947,0.0
773,12.5144258,41.9436264,50.0,37.52518230126947,0.0
774,12.5144566,41.9437356,50.0,307.5298482188499,0.0
775,12.5144566,41.9437356,50.0,127.5298482188499,0.0
776,12.517569,41.9431581,50.0,308.73387372807656,0.0
777,12.517569,41.9431581,50.0,128.73387372807656,0.0
778,12.5222941,41.9458578,50.0,272.6747837491016,0.0
779,12.5222941,41.9458578,50.0,92.6747837491016,0.0
780,12.5161493,41.9433632,50.0,128.20405039416647,0.0
781,12.5161493,41.9433632,50.0,308.2040503941665,0.0
782,12.5219395,41.9458128,50.0,13.600595928383939,0.0
783,12.5219395,41.9458128,50.0,193.60059592838394,0.0
784,12.5222941,41.9458578,50.0,272.6747837491016,0.0
785,12.5222941,41.9458578,50.0,92.6747837491016,0.0
786,12.5219749,41.9459515,50.0,2.4134041446645824,0.0
787,12.5219749,41.9459515,50.0,182.41340414466458,0.0
788,12.5224697,41.9459568,50.0,173.02489266343866,0.0
789,12.5224697,41.9459568,50.0,353.02489266343866,0.0
790,12.5216549,41.9460736,50.0,93.79014807993286,0.0
791,12.5216549,41.9460736,50.0,273.79014807993286,0.0
792,12.5159138,41.9431464,50.0,128.2049454333076,0.0
793,12.5159138,41.9431464,50.0,308.2049454333076,0.0
794,12.5161493,41.9433632,50.0,128.20405039416647,0.0
795,12.5161493,41.9433632,50.0,308.2040503941665,0.0
796,12.5291315,41.9401621,50.0,268.0124835393001,0.0
797,12.5291315,41.9401621,50.0,88.01248353930009,0.0
798,12.529109,41.9403375,50.0,268.0124835393001,0.0
799,12.529109,41.9403375,50.0,88.01248353930009,0.0
800,12.5285804,41.9407049,50.0,104.771807195832,0.0
801,12.5285804,41.9407049,50.0,284.771807195832,0.0
802,12.5290972,41.9404252,50.0,257.28100723055434,0.0
803,12.5290972,41.9404252,50.0,77.28100723055434,0.0
804,12.5285804,41.9407049,50.0,104.771807195832,0.0
805,12.5285804,41.9407049,50.0,284.771807195832,0.0
806,12.5279908,41.9392117,50.0,40.17044252062891,0.0
807,12.5279908,41.9392117,50.0,220.1704425206289,0.0
808,12.5284217,41.9392361,50.0,354.6059740153418,0.0
809,12.5284217,41.9392361,50.0,174.60597401534187,0.0
810,12.5278822,41.939255,50.0,40.17044252062891,0.0
811,12.5278822,41.939255,50.0,220.1704425206289,0.0
812,12.5258233,41.9396186,50.0,39.27569277593648,0.0
813,12.5258233,41.9396186,50.0,219.27569277593648,0.0
814,12.5257278,41.9396773,50.0,38.60439737710624,0.0
815,12.5257278,41.9396773,50.0,218.60439737710624,0.0
816,12.5289822,41.9418091,50.0,108.07152108036306,0.0
817,12.5289822,41.9418091,50.0,288.071521080363,0.0
818,12.5285596,41.9426245,50.0,265.37977187940805,0.0
819,12.5285596,41.9426245,50.0,85.37977187940805,0.0
820,12.5216271,41.9443426,50.0,309.0364612183062,0.0
821,12.5216271,41.9443426,50.0,129.03646121830621,0.0
822,12.520693,41.9443074,50.0,219.249685317826,0.0
823,12.520693,41.9443074,50.0,39.24968531782599,0.0
824,12.5205978,41.9443671,50.0,219.249685317826,0.0
825,12.5205978,41.9443671,50.0,39.24968531782599,0.0
826,12.5204128,41.944483,50.0,219.2372152505373,0.0
827,12.5204128,41.944483,50.0,39.237215250537304,0.0
828,12.5206042,41.9449112,50.0,307.69551366445313,0.0
829,12.5206042,41.9449112,50.0,127.69551366445313,0.0
830,12.520683,41.9449799,50.0,307.69551366445313,0.0
831,12.520683,41.9449799,50.0,127.69551366445313,0.0
832,12.5204576,41.9461681,50.0,3.7026901145010243,0.0
833,12.5204576,41.9461681,50.0,183.70269011450102,0.0
834,12.5200793,41.9461842,50.0,4.346064340858618,0.0
835,12.5200793,41.9461842,50.0,184.34606434085862,0.0
836,12.5203365,41.9461732,50.0,3.7026901145010243,0.0
837,12.5203365,41.9461732,50.0,183.70269011450102,0.0
838,12.5202082,41.9461787,50.0,4.346064340858618,0.0
839,12.5202082,41.9461787,50.0,184.34606434085862,0.0
840,12.5159066,41.9457971,50.0,75.5079713176201,0.0
841,12.5159066,41.9457971,50.0,255.5079713176201,0.0
842,12.516032,41.9462135,50.0,168.3741730192403,0.0
843,12.516032,41.9462135,50.0,348.3741730192403,0.0
844,12.5269319,41.9461585,50.0,281.88098478670315,0.0
845,12.5269319,41.9461585,50.0,101.88098478670315,0.0
846,12.5264254,41.9417999,50.0,309.02164676893966,0.0
847,12.5264254,41.9417999,50.0,129.02164676893966,0.0
848,12.5262414,41.9401604,50.0,128.1078967095666,0.0
849,12.5262414,41.9401604,50.0,308.1078967095666,0.0
850,12.5265963,41.9404818,50.0,129.93534351676837,0.0
851,12.5265963,41.9404818,50.0,309.9353435167684,0.0
852,12.5267915,41.9406575,50.0,127.14964577712306,0.0
853,12.5267915,41.9406575,50.0,307.14964577712306,0.0
854,12.5272588,41.9410753,50.0,131.81518236036342,0.0
855,12.5272588,41.9410753,50.0,311.81518236036345,0.0
856,12.5275809,41.9399929,50.0,217.56576028312327,0.0
857,12.5275809,41.9399929,50.0,37.56576028312327,0.0
858,12.5270114,41.9403513,50.0,220.21038244214287,0.0
859,12.5270114,41.9403513,50.0,40.21038244214287,0.0
860,12.5283322,41.9411049,50.0,218.52032129201973,0.0
861,12.5283322,41.9411049,50.0,38.52032129201973,0.0
862,12.5272673,41.9387078,50.0,43.88842050577301,0.0
863,12.5272673,41.9387078,50.0,223.888420505773,0.0
864,12.52611,41.9394427,50.0,39.27569277593648,0.0
865,12.52611,41.9394427,50.0,219.27569277593648,0.0
866,12.5251998,41.9399969,50.0,38.60439737710624,0.0
867,12.5251998,41.9399969,50.0,218.60439737710624,0.0
868,12.5244422,41.9404669,50.0,39.03146173747837,0.0
869,12.5244422,41.9404669,50.0,219.03146173747837,0.0
870,12.5253356,41.942187,50.0,130.35402701036583,0.0
871,12.5253356,41.942187,50.0,310.3540270103658,0.0
872,12.5256453,41.9424719,50.0,129.82598740069633,0.0
873,12.5256453,41.9424719,50.0,309.82598740069636,0.0
874,12.5281976,41.9403444,50.0,115.4374776757918,0.0
875,12.5281976,41.9403444,50.0,295.4374776757918,0.0
876,12.5280297,41.9401002,50.0,115.4374776757918,0.0
877,12.5280297,41.9401002,50.0,295.4374776757918,0.0
878,12.5282551,41.9404282,50.0,115.4374776757918,0.0
879,12.5282551,41.9404282,50.0,295.4374776757918,0.0
880,12.5284819,41.9406755,50.0,164.7561176813049,0.0
881,12.5284819,41.9406755,50.0,344.7561176813049,0.0
882,12.5173076,41.9422274,50.0,37.56433004843382,0.0
883,12.5173076,41.9422274,50.0,217.56433004843382,0.0
884,12.5130084,41.9438397,50.0,314.08116222560056,0.0
885,12.5130084,41.9438397,50.0,134.08116222560056,0.0
886,12.5134764,41.9442795,50.0,262.1390432517518,0.0
887,12.5134764,41.9442795,50.0,82.13904325175179,0.0
888,12.5291315,41.9401621,50.0,268.0124835393001,0.0
889,12.5291315,41.9401621,50.0,88.01248353930009,0.0
890,12.5277424,41.9396539,50.0,109.70292097830946,0.0
891,12.5277424,41.9396539,50.0,289.70292097830946,0.0
892,12.5189375,41.9434171,50.0,130.2495577144296,0.0
893,12.5189375,41.9434171,50.0,310.2495577144296,0.0
894,12.5201575,41.9417256,50.0,357.6422374854328,0.0
895,12.5201575,41.9417256,50.0,177.64223748543282,0.0
896,12.5196363,41.9425059,50.0,293.0131142408088,0.0
897,12.5196363,41.9425059,50.0,113.01311424080882,0.0
898,12.5256917,41.9443541,50.0,247.36233430644893,0.0
899,12.5256917,41.9443541,50.0,67.36233430644893,0.0
900,12.525904,41.9457284,50.0,305.1146285639902,0.0
901,12.525904,41.9457284,50.0,125.11462856399021,0.0
902,12.5267654,41.9453432,50.0,231.2127963772469,0.0
903,12.5267654,41.9453432,50.0,51.21279637724689,0.0
904,12.5269319,41.9461585,50.0,281.88098478670315,0.0
905,12.5269319,41.9461585,50.0,101.88098478670315,0.0
906,12.5186691,41.9416745,50.0,180.18265607810554,0.0
907,12.5186691,41.9416745,50.0,0.18265607810553774,0.0
908,12.518181,41.9416889,50.0,180.18265607810554,0.0
909,12.518181,41.9416889,50.0,0.18265607810553774,0.0
910,12.5180631,41.9417058,50.0,180.18265607810554,0.0
911,12.5180631,41.9417058,50.0,0.18265607810553774,0.0
912,12.5272233,41.9388887,50.0,118.06012508671279,0.0
913,12.5272233,41.9388887,50.0,298.0601250867128,0.0
914,12.5268084,41.9390209,50.0,38.62348515877659,0.0
915,12.5268084,41.9390209,50.0,218.6234851587766,0.0
916,12.5267272,41.939046,50.0,61.52573203047609,0.0
917,12.5267272,41.939046,50.0,241.5257320304761,0.0
918,12.5265372,41.9391854,50.0,40.86592920258988,0.0
919,12.5265372,41.9391854,50.0,220.86592920258988,0.0
920,12.5262044,41.9393847,50.0,39.27569277593648,0.0
921,12.5262044,41.9393847,50.0,219.27569277593648,0.0
922,12.5251998,41.9399969,50.0,38.60439737710624,0.0
923,12.5251998,41.9399969,50.0,218.60439737710624,0.0
924,12.5247378,41.9416839,50.0,130.57502900182837,0.0
925,12.5247378,41.9416839,50.0,310.5750290018284,0.0
926,12.5290533,41.9417901,50.0,23.41990213501822,0.0
927,12.5290533,41.9417901,50.0,203.41990213501822,0.0
928,12.5138896,41.9439985,50.0,217.862852458038,0.0
929,12.5138896,41.9439985,50.0,37.86285245803799,0.0
930,12.5211959,41.9454223,50.0,1.4371369761206552,0.0
931,12.5211959,41.9454223,50.0,181.43713697612066,0.0
932,12.5211605,41.945745,50.0,91.69157840996888,0.0
933,12.5211605,41.945745,50.0,271.6915784099689,0.0
934,12.5268408,41.9456239,50.0,275.128288474388,0.0
935,12.5268408,41.9456239,50.0,95.128288474388,0.0
936,12.5293056,41.9401766,50.0,263.3315432203399,0.0
937,12.5293056,41.9401766,50.0,83.33154322033988,0.0
938,12.513704,41.944108,50.0,223.26261341729327,0.0
939,12.513704,41.944108,50.0,43.26261341729327,0.0
940,12.5230161,41.9429504,50.0,129.6009089760638,0.0
941,12.5230161,41.9429504,50.0,309.6009089760638,0.0
942,12.5238936,41.9409338,50.0,171.91368584690917,0.0
943,12.5238936,41.9409338,50.0,351.9136858469092,0.0
944,12.5145402,41.9458469,50.0,245.3595856143545,0.0
945,12.5145402,41.9458469,50.0,65.3595856143545,0.0
946,12.5230964,41.9430023,50.0,130.29260706533447,0.0
947,12.5230964,41.9430023,50.0,310.29260706533444,0.0
948,12.5233954,41.9432797,50.0,130.26945218111342,0.0
949,12.5233954,41.9432797,50.0,310.2694521811134,0.0
950,12.5237881,41.943631,50.0,130.2797974957958,0.0
951,12.5237881,41.943631,50.0,310.27979749579583,0.0
952,12.5239303,41.9437655,50.0,130.25941131952152,0.0
953,12.5239303,41.9437655,50.0,310.2594113195215,0.0
954,12.5252747,41.9459721,50.0,2.012351174021319,0.0
955,12.5252747,41.9459721,50.0,182.01235117402132,0.0
956,12.5289559,41.9378567,50.0,32.489162677001616,0.0
957,12.5289559,41.9378567,50.0,212.48916267700162,0.0
958,12.5284415,41.9381035,50.0,213.2622730471855,0.0
959,12.5284415,41.9381035,50.0,33.26227304718549,0.0
960,12.5277258,41.93845,50.0,211.8926624850742,0.0
961,12.5277258,41.93845,50.0,31.892662485074197,0.0
962,12.5275195,41.9385551,50.0,309.955997367905,0.0
963,12.5275195,41.9385551,50.0,129.955997367905,0.0
964,12.5273677,41.9386453,50.0,39.08271841842691,0.0
965,12.5273677,41.9386453,50.0,219.0827184184269,0.0
966,12.5239426,41.9408096,50.0,76.71251600936557,0.0
967,12.5239426,41.9408096,50.0,256.7125160093656,0.0
968,12.5237675,41.9409159,50.0,171.91368584690917,0.0
969,12.5237675,41.9409159,50.0,351.9136858469092,0.0
970,12.5239426,41.9408096,50.0,76.71251600936557,0.0
971,12.5239426,41.9408096,50.0,256.7125160093656,0.0
972,12.5289103,41.9416509,50.0,109.07073649016226,0.0
973,12.5289103,41.9416509,50.0,289.0707364901623,0.0
974,12.5287509,41.9384666,50.0,308.4436094265071,0.0
975,12.5287509,41.9384666,50.0,128.44360942650712,0.0
976,12.5157713,41.9430069,50.0,128.36436972624057,0.0
977,12.5157713,41.9430069,50.0,308.36436972624057,0.0
978,12.5158393,41.943074,50.0,128.2302984925335,0.0
979,12.5158393,41.943074,50.0,308.2302984925335,0.0
980,12.5159914,41.9432178,50.0,128.2049454333076,0.0
981,12.5159914,41.9432178,50.0,308.2049454333076,0.0
982,12.5163143,41.9435095,50.0,128.20405039416647,0.0
983,12.5163143,41.9435095,50.0,308.2040503941665,0.0
984,12.5165289,41.9437147,50.0,129.58304612971168,0.0
985,12.5165289,41.9437147,50.0,309.58304612971165,0.0
986,12.5287763,41.940811,50.0,223.2422336081691,0.0
987,12.5287763,41.940811,50.0,43.2422336081691,0.0
988,12.5286098,41.9409367,50.0,223.23893165431053,0.0
989,12.5286098,41.9409367,50.0,43.238931654310534,0.0
990,12.5238913,41.94235,50.0,127.98692801068293,0.0
991,12.5238913,41.94235,50.0,307.98692801068296,0.0
992,12.5252044,41.9461705,50.0,182.03113762801064,0.0
993,12.5252044,41.9461705,50.0,2.03113762801064,0.0
994,12.5248353,41.9461828,50.0,182.16432571402402,0.0
995,12.5248353,41.9461828,50.0,2.1643257140240166,0.0
996,12.5241709,41.9462129,50.0,183.26004009862703,0.0
997,12.5241709,41.9462129,50.0,3.26004009862703,0.0
998,12.5159059,41.9461965,50.0,168.3741730192403,0.0
999,12.5159059,41.9461965,50.0,348.3741730192403,0.0
1000,12.5142417,41.945792,50.0,149.17753060207332,0.0
1001,12.5142417,41.945792,50.0,329.1775306020733,0.0
1002,12.5134974,41.9449419,50.0,306.59450400576617,0.0
1003,12.5134974,41.9449419,50.0,126.59450400576617,0.0
1004,12.5285804,41.9407049,50.0,104.771807195832,0.0
1005,12.5285804,41.9407049,50.0,284.771807195832,0.0
1006,12.5217986,41.9451629,50.0,38.68531981661158,0.0
1007,12.5217986,41.9451629,50.0,218.68531981661158,0.0
1008,12.5160371,41.9457244,50.0,137.16609879542983,0.0
1009,12.5160371,41.9457244,50.0,317.16609879542983,0.0
1010,12.5273639,41.9387581,50.0,219.97937120470556,0.0
1011,12.5273639,41.9387581,50.0,39.97937120470556,0.0
1012,12.5289793,41.9434005,50.0,47.01508706338893,0.0
1013,12.5289793,41.9434005,50.0,227.01508706338893,0.0
1014,12.5159439,41.9429037,50.0,218.4765943032197,0.0
1015,12.5159439,41.9429037,50.0,38.47659430321971,0.0
1016,12.5228519,41.9454331,50.0,309.6270423426235,0.0
1017,12.5228519,41.9454331,50.0,129.6270423426235,0.0
1018,12.5276476,41.9444193,50.0,48.4734524067818,0.0
1019,12.5276476,41.9444193,50.0,228.4734524067818,0.0
1020,12.5270351,41.9449167,50.0,48.90042756669732,0.0
1021,12.5270351,41.9449167,50.0,228.90042756669732,0.0
1022,12.5289006,41.9425294,50.0,265.37977187940805,0.0
1023,12.5289006,41.9425294,50.0,85.37977187940805,0.0
1024,12.5278743,41.9444254,50.0,225.15460581443847,0.0
1025,12.5278743,41.9444254,50.0,45.15460581443847,0.0
1026,12.5276975,41.9394047,50.0,40.17044252062891,0.0
1027,12.5276975,41.9394047,50.0,220.1704425206289,0.0
1028,12.5154178,41.9461148,50.0,163.3451518256403,0.0
1029,12.5154178,41.9461148,50.0,343.3451518256403,0.0
